period,year,month,EW_total_individuals_SA,EW_bankruptcy_SA,EW_DRO_SA,EW_IVA_SA,EW_total_individuals_NSA,EW_bankruptcy_NSA,EW_DRO_NSA,EW_IVA_NSA,EW_IVA_approved_SA,EW_IVA_approved_NSA,EW_IVA_approved_rate_per_10000,EW_individual_rate_per_10000,EW_bankruptcy_rate_per_10000,EW_DRO_rate_per_10000,EW_IVA_rate_per_10000,EW_creditor_bankrupt_SA,EW_debtor_bankrupt_SA,EW_creditor_bankrupt_NSA,EW_debtor_bankrupt_NSA,EW_self_employed_bankrupt_SA,EW_other_bankrupt_SA,EW_self_employed_bankrupt_NSA,EW_other_bankrupt_NSA,EW_unknown_bankrupt_NSA,EW_total_IPO_IPA_NSA,EW_IPO_NSA,EW_IPA_NSA,EW_total_breathing_space_NSA,EW_standard_breathing_space_NSA,EW_mental_health_breathing_space_NSA
2000-01,2000,1,2653,1856,[z],797,2454,1781,[z],673,746,618,1.9,7.3,5.4,[z],1.9,688,1168,702,1079,[x],[x],[x],[x],1779,[x],[x],[x],[z],[z],[z]
2000-02,2000,2,2432,1734,[z],698,2514,1849,[z],665,711,726,2,7.4,5.4,[z],1.9,594,1140,538,1311,[x],[x],[x],[x],1848,[x],[x],[x],[z],[z],[z]
2000-03,2000,3,2512,1732,[z],780,2859,2038,[z],821,822,826,2,7.4,5.4,[z],2,627,1105,686,1352,[x],[x],[x],[x],2037,[x],[x],[x],[z],[z],[z]
2000-04,2000,4,2366,1656,[z],710,2205,1541,[z],664,724,701,2.1,7.3,5.3,[z],2.1,565,1091,543,998,[x],[x],[x],[x],1538,[x],[x],[x],[z],[z],[z]
2000-05,2000,5,2426,1744,[z],682,2640,1888,[z],752,574,631,2.1,7.4,5.3,[z],2.1,682,1062,775,1113,[x],[x],[x],[x],1886,[x],[x],[x],[z],[z],[z]
2000-06,2000,6,2539,1851,[z],688,2683,1998,[z],685,626,659,2.1,7.5,5.3,[z],2.1,731,1120,811,1187,[x],[x],[x],[x],1997,[x],[x],[x],[z],[z],[z]
2000-07,2000,7,2411,1779,[z],632,2450,1809,[z],641,601,653,2.1,7.4,5.3,[z],2.1,698,1081,718,1091,[x],[x],[x],[x],1805,[x],[x],[x],[z],[z],[z]
2000-08,2000,8,2409,1865,[z],544,2504,1898,[z],606,506,593,2.1,7.5,5.4,[z],2.1,719,1146,685,1213,[x],[x],[x],[x],1896,[x],[x],[x],[z],[z],[z]
2000-09,2000,9,2361,1782,[z],579,2321,1716,[z],605,574,556,2,7.4,5.3,[z],2.1,658,1124,667,1049,[x],[x],[x],[x],1713,[x],[x],[x],[z],[z],[z]
2000-10,2000,10,2443,1851,[z],592,2496,1872,[z],624,575,588,2,7.4,5.4,[z],2,672,1179,663,1209,[x],[x],[x],[x],1870,[x],[x],[x],[z],[z],[z]
2000-11,2000,11,2509,1877,[z],632,2532,1909,[z],623,640,645,1.9,7.4,5.4,[z],2,680,1197,670,1239,[x],[x],[x],[x],1908,[x],[x],[x],[z],[z],[z]
2000-12,2000,12,2449,1846,[z],603,1853,1275,[z],578,621,526,1.9,7.3,5.4,[z],2,642,1204,498,777,[x],[x],[x],[x],1274,[x],[x],[x],[z],[z],[z]
2001-01,2001,1,2328,1758,[z],570,2393,1864,[z],529,576,513,1.9,7.3,5.4,[z],1.9,625,1133,702,1162,[x],[x],[x],[x],1863,[x],[x],[x],[z],[z],[z]
2001-02,2001,2,2663,2039,[z],624,2589,2031,[z],558,609,585,1.9,7.3,5.4,[z],1.9,745,1294,638,1393,[x],[x],[x],[x],2030,[x],[x],[x],[z],[z],[z]
2001-03,2001,3,2524,1946,[z],578,2774,2197,[z],577,563,541,1.8,7.3,5.5,[z],1.8,667,1279,711,1486,[x],[x],[x],[x],2192,[x],[x],[x],[z],[z],[z]
2001-04,2001,4,2696,2135,[z],561,2633,2086,[z],547,548,548,1.7,7.4,5.6,[z],1.8,677,1458,673,1413,[x],[x],[x],[x],2084,[x],[x],[x],[z],[z],[z]
2001-05,2001,5,2462,1936,[z],526,2601,2029,[z],572,512,566,1.7,7.4,5.6,[z],1.8,642,1294,702,1327,[x],[x],[x],[x],2026,[x],[x],[x],[z],[z],[z]
2001-06,2001,6,2427,1929,[z],498,2491,2019,[z],472,463,460,1.7,7.3,5.6,[z],1.7,663,1266,732,1287,[x],[x],[x],[x],2017,[x],[x],[x],[z],[z],[z]
2001-07,2001,7,2531,2009,[z],522,2691,2138,[z],553,537,606,1.7,7.4,5.7,[z],1.7,662,1347,705,1433,[x],[x],[x],[x],2137,[x],[x],[x],[z],[z],[z]
2001-08,2001,8,2462,1956,[z],506,2520,1959,[z],561,477,544,1.7,7.4,5.7,[z],1.7,613,1343,573,1386,[x],[x],[x],[x],1957,[x],[x],[x],[z],[z],[z]
2001-09,2001,9,2417,1915,[z],502,2241,1748,[z],493,506,480,1.6,7.4,5.7,[z],1.7,592,1323,570,1178,[x],[x],[x],[x],1747,[x],[x],[x],[z],[z],[z]
2001-10,2001,10,2496,2003,[z],493,2692,2145,[z],547,488,512,1.6,7.4,5.8,[z],1.6,636,1367,663,1482,[x],[x],[x],[x],2142,[x],[x],[x],[z],[z],[z]
2001-11,2001,11,2352,1914,[z],438,2366,1934,[z],432,445,441,1.6,7.4,5.8,[z],1.6,585,1329,575,1359,[x],[x],[x],[x],1934,[x],[x],[x],[z],[z],[z]
2001-12,2001,12,2461,2014,[z],447,1830,1405,[z],425,483,411,1.5,7.4,5.8,[z],1.5,630,1384,493,912,[x],[x],[x],[x],1402,[x],[x],[x],[z],[z],[z]
2002-01,2002,1,2514,1987,[z],527,2514,2036,[z],478,525,470,1.5,7.4,5.8,[z],1.5,577,1410,634,1402,[x],[x],[x],[x],2035,[x],[x],[x],[z],[z],[z]
2002-02,2002,2,2469,1944,[z],525,2424,1959,[z],465,512,485,1.5,7.3,5.8,[z],1.5,570,1374,494,1465,[x],[x],[x],[x],1959,[x],[x],[x],[z],[z],[z]
2002-03,2002,3,2427,1961,[z],466,2437,2000,[z],437,517,494,1.5,7.2,5.8,[z],1.5,582,1379,590,1410,[x],[x],[x],[x],1998,[x],[x],[x],[z],[z],[z]
2002-04,2002,4,2464,1935,[z],529,2696,2158,[z],538,508,506,1.5,7.3,5.8,[z],1.5,558,1377,604,1554,[x],[x],[x],[x],2156,[x],[x],[x],[z],[z],[z]
2002-05,2002,5,2799,2235,[z],564,2911,2303,[z],608,556,602,1.5,7.3,5.9,[z],1.5,639,1596,681,1622,[x],[x],[x],[x],2299,[x],[x],[x],[z],[z],[z]
2002-06,2002,6,2259,1772,[z],487,2208,1765,[z],443,423,419,1.5,7.3,5.8,[z],1.5,596,1176,619,1146,[x],[x],[x],[x],1762,[x],[x],[x],[z],[z],[z]
2002-07,2002,7,2445,2007,[z],438,2747,2259,[z],488,467,537,1.4,7.3,5.8,[z],1.5,600,1407,676,1583,[x],[x],[x],[x],2257,[x],[x],[x],[z],[z],[z]
2002-08,2002,8,2623,2070,[z],553,2564,1979,[z],585,543,593,1.5,7.3,5.8,[z],1.5,620,1450,569,1410,[x],[x],[x],[x],1978,[x],[x],[x],[z],[z],[z]
2002-09,2002,9,2648,2106,[z],542,2591,2032,[z],559,565,560,1.5,7.4,5.9,[z],1.5,661,1445,658,1374,[x],[x],[x],[x],2028,[x],[x],[x],[z],[z],[z]
2002-10,2002,10,2490,1962,[z],528,2652,2065,[z],587,551,593,1.5,7.3,5.9,[z],1.5,586,1376,594,1471,[x],[x],[x],[x],2061,[x],[x],[x],[z],[z],[z]
2002-11,2002,11,2703,2157,[z],546,2643,2127,[z],516,533,506,1.5,7.4,5.9,[z],1.5,642,1515,636,1491,[x],[x],[x],[x],2125,[x],[x],[x],[z],[z],[z]
2002-12,2002,12,2677,2109,[z],568,2131,1561,[z],570,574,510,1.5,7.5,5.9,[z],1.5,652,1457,527,1034,[x],[x],[x],[x],1555,[x],[x],[x],[z],[z],[z]
2003-01,2003,1,2688,2147,[z],541,2662,2179,[z],483,551,484,1.5,7.5,6,[z],1.5,641,1506,707,1472,[x],[x],[x],[x],2176,[x],[x],[x],[z],[z],[z]
2003-02,2003,2,2787,2233,[z],554,2731,2246,[z],485,595,555,1.6,7.6,6,[z],1.5,683,1550,602,1644,[x],[x],[x],[x],2243,[x],[x],[x],[z],[z],[z]
2003-03,2003,3,2868,2280,[z],588,3070,2524,[z],546,555,530,1.6,7.7,6.2,[z],1.6,720,1560,739,1785,[x],[x],[x],[x],2517,[x],[x],[x],[z],[z],[z]
2003-04,2003,4,2834,2255,[z],579,2942,2357,[z],585,625,641,1.6,7.8,6.2,[z],1.6,707,1548,746,1611,[x],[x],[x],[x],2353,[x],[x],[x],[z],[z],[z]
2003-05,2003,5,2910,2299,[z],611,2903,2280,[z],623,645,670,1.6,7.8,6.2,[z],1.6,649,1650,674,1606,[x],[x],[x],[x],2277,[x],[x],[x],[z],[z],[z]
2003-06,2003,6,2962,2215,[z],747,3053,2324,[z],729,638,665,1.7,8,6.3,[z],1.6,560,1655,595,1729,[x],[x],[x],[x],2320,[x],[x],[x],[z],[z],[z]
2003-07,2003,7,2972,2332,[z],640,3271,2558,[z],713,631,725,1.7,8.1,6.4,[z],1.7,653,1679,707,1851,[x],[x],[x],[x],2555,[x],[x],[x],[z],[z],[z]
2003-08,2003,8,2946,2322,[z],624,2752,2122,[z],630,627,663,1.7,8.1,6.4,[z],1.7,647,1675,579,1543,[x],[x],[x],[x],2118,[x],[x],[x],[z],[z],[z]
2003-09,2003,9,3158,2486,[z],672,3287,2564,[z],723,594,607,1.7,8.3,6.6,[z],1.8,700,1786,748,1816,[x],[x],[x],[x],2559,[x],[x],[x],[z],[z],[z]
2003-10,2003,10,3072,2512,[z],560,3234,2611,[z],623,566,603,1.7,8.4,6.7,[z],1.8,699,1813,698,1913,[x],[x],[x],[x],2606,[x],[x],[x],[z],[z],[z]
2003-11,2003,11,3169,2488,[z],681,2955,2337,[z],618,686,652,1.8,8.5,6.7,[z],1.8,664,1824,627,1710,[x],[x],[x],[x],2336,[x],[x],[x],[z],[z],[z]
2003-12,2003,12,3253,2479,[z],774,2759,1946,[z],813,803,720,1.8,8.7,6.8,[z],1.8,662,1817,562,1384,[x],[x],[x],[x],1945,[x],[x],[x],[z],[z],[z]
2004-01,2004,1,3196,2459,[z],737,2984,2374,[z],610,779,645,1.9,8.7,6.9,[z],1.9,691,1768,757,1617,[x],[x],[x],[x],2372,[x],[x],[x],[z],[z],[z]
2004-02,2004,2,3327,2588,[z],739,3217,2586,[z],631,762,703,1.9,8.9,6.9,[z],1.9,670,1918,592,1994,[x],[x],[x],[x],2583,[x],[x],[x],[z],[z],[z]
2004-03,2004,3,3773,2919,[z],854,4497,3624,[z],873,790,827,2,9.2,7.2,[z],2,609,2310,679,2945,[x],[x],[x],[x],3623,[x],[x],[x],[z],[z],[z]
2004-04,2004,4,3445,2654,[z],791,3456,2670,[z],786,789,785,2,9.3,7.3,[z],2,682,1972,680,1990,[x],[x],[x],[x],2665,[x],[x],[x],[z],[z],[z]
2004-05,2004,5,4062,3317,[z],745,3880,3165,[z],715,743,747,2,9.5,7.5,[z],2.1,693,2624,694,2471,[x],[x],[x],[x],3159,[x],[x],[x],[z],[z],[z]
2004-06,2004,6,3863,2932,[z],931,4195,3225,[z],970,926,994,2.1,9.8,7.7,[z],2.1,650,2282,723,2502,[x],[x],[x],[x],3218,[x],[x],[x],[z],[z],[z]
2004-07,2004,7,3957,3094,[z],863,4069,3159,[z],910,885,935,2.2,10,7.8,[z],2.2,699,2395,721,2438,[x],[x],[x],[x],3150,[x],[x],[x],[z],[z],[z]
2004-08,2004,8,4191,3132,[z],1059,4144,3022,[z],1122,971,1081,2.3,10.3,8.1,[z],2.3,712,2420,673,2349,[x],[x],[x],[x],3014,[x],[x],[x],[z],[z],[z]
2004-09,2004,9,3946,3118,[z],828,3973,3097,[z],876,964,987,2.3,10.5,8.2,[z],2.3,682,2436,685,2412,[x],[x],[x],[x],3096,[x],[x],[x],[z],[z],[z]
2004-10,2004,10,4256,3170,[z],1086,4132,3049,[z],1083,1037,1029,2.4,10.7,8.3,[z],2.4,606,2564,581,2468,[x],[x],[x],[x],3042,[x],[x],[x],[z],[z],[z]
2004-11,2004,11,4306,3224,[z],1082,4504,3406,[z],1098,1047,1082,2.5,11.1,8.5,[z],2.5,696,2528,733,2673,[x],[x],[x],[x],3399,[x],[x],[x],[z],[z],[z]
2004-12,2004,12,4247,3249,[z],998,3517,2477,[z],1040,1034,911,2.6,11.3,8.7,[z],2.6,649,2600,521,1956,[x],[x],[x],[x],2472,[x],[x],[x],[z],[z],[z]
2005-01,2005,1,4265,3239,[z],1026,3851,3048,[z],803,1087,879,2.6,11.4,8.8,[z],2.6,705,2534,774,2274,[x],[x],[x],[x],3040,[x],[x],[x],[z],[z],[z]
2005-02,2005,2,4470,3276,[z],1194,4349,3347,[z],1002,1129,1007,2.7,11.7,9,[z],2.7,594,2682,537,2810,[x],[x],[x],[x],3337,[x],[x],[x],[z],[z],[z]
2005-03,2005,3,4516,3357,[z],1159,5041,3850,[z],1191,1238,1376,2.8,11.8,9,[z],2.8,662,2695,704,3146,[x],[x],[x],[x],3843,[x],[x],[x],[z],[z],[z]
2005-04,2005,4,5288,3905,[z],1383,5428,4135,[z],1293,1396,1303,3,12.3,9.4,[z],2.9,836,3069,835,3300,[x],[x],[x],[x],4126,[x],[x],[x],[z],[z],[z]
2005-05,2005,5,5289,3777,[z],1512,5338,3803,[z],1535,1486,1572,3.2,12.6,9.5,[z],3.1,750,3027,769,3034,[x],[x],[x],[x],3793,[x],[x],[x],[z],[z],[z]
2005-06,2005,6,5667,4091,[z],1576,6115,4435,[z],1680,1609,1748,3.3,13.1,9.8,[z],3.3,830,3261,879,3556,[x],[x],[x],[x],4425,[x],[x],[x],[z],[z],[z]
2005-07,2005,7,5809,4022,[z],1787,5760,3965,[z],1795,1696,1719,3.5,13.5,10,[z],3.5,816,3206,815,3150,[x],[x],[x],[x],3943,[x],[x],[x],[z],[z],[z]
2005-08,2005,8,5823,4078,[z],1745,6112,4169,[z],1943,1754,1996,3.7,13.9,10.3,[z],3.7,775,3303,790,3379,[x],[x],[x],[x],4155,[x],[x],[x],[z],[z],[z]
2005-09,2005,9,6059,4193,[z],1866,6143,4170,[z],1973,1957,1997,4,14.5,10.5,[z],3.9,798,3395,796,3374,[x],[x],[x],[x],4155,[x],[x],[x],[z],[z],[z]
2005-10,2005,10,6388,4370,[z],2018,6348,4331,[z],2017,2155,2187,4.3,15,10.8,[z],4.2,838,3532,830,3501,[x],[x],[x],[x],4301,[x],[x],[x],[z],[z],[z]
2005-11,2005,11,6757,4374,[z],2383,7092,4642,[z],2450,2420,2533,4.6,15.6,11.1,[z],4.5,817,3557,867,3775,[x],[x],[x],[x],4603,[x],[x],[x],[z],[z],[z]
2005-12,2005,12,7258,4752,[z],2506,6012,3538,[z],2474,2480,2092,4.9,16.2,11.3,[z],4.8,844,3908,669,2869,[x],[x],[x],[x],3513,[x],[x],[x],[z],[z],[z]
2006-01,2006,1,7600,4945,[z],2655,7104,4904,[z],2200,3072,2556,5.3,16.9,11.8,[z],5.2,879,4066,1016,3888,[x],[x],[x],[x],4869,[x],[x],[x],[z],[z],[z]
2006-02,2006,2,7895,5064,[z],2831,7540,5189,[z],2351,2778,2430,5.6,17.7,12.2,[z],5.5,904,4160,825,4364,[x],[x],[x],[x],5121,[x],[x],[x],[z],[z],[z]
2006-03,2006,3,8071,5140,[z],2931,9333,6288,[z],3045,3289,3509,6.1,18.7,12.8,[z],5.9,902,4238,952,5336,[x],[x],[x],[x],6190,[x],[x],[x],[z],[z],[z]
2006-04,2006,4,8429,5053,[z],3376,7728,4764,[z],2964,3378,3211,6.6,19.2,12.9,[z],6.3,806,4247,752,4012,[x],[x],[x],[x],4649,[x],[x],[x],[z],[z],[z]
2006-05,2006,5,8949,5045,[z],3904,9484,5294,[z],4190,3584,3832,7.1,20.2,13.3,[z],6.9,806,4239,862,4432,[x],[x],[x],[x],5139,[x],[x],[x],[z],[z],[z]
2006-06,2006,6,8789,5131,[z],3658,9475,5491,[z],3984,3733,3975,7.6,21,13.5,[z],7.5,826,4305,863,4628,[x],[x],[x],[x],5290,[x],[x],[x],[z],[z],[z]
2006-07,2006,7,9092,5105,[z],3987,9101,5080,[z],4021,3991,4051,8.2,21.8,13.8,[z],8,763,4342,779,4301,[x],[x],[x],[x],4809,[x],[x],[x],[z],[z],[z]
2006-08,2006,8,9346,5238,[z],4108,9721,5174,[z],4547,4133,4667,8.8,22.6,14,[z],8.6,826,4412,821,4353,[x],[x],[x],[x],4260,[x],[x],[x],[z],[z],[z]
2006-09,2006,9,9396,5423,[z],3973,9183,5184,[z],3999,4259,4158,9.3,23.3,14.2,[z],9.1,798,4625,791,4393,[x],[x],[x],[x],1246,[x],[x],[x],[z],[z],[z]
2006-10,2006,10,9770,5503,[z],4267,10222,5739,[z],4483,4391,4694,9.9,24.2,14.5,[z],9.7,827,4676,865,4874,[x],[x],[x],[x],3,[x],[x],[x],[z],[z],[z]
2006-11,2006,11,9765,5627,[z],4138,10118,5818,[z],4300,4422,4677,10.4,24.9,14.8,[z],10.1,825,4802,846,4972,[x],[x],[x],[x],3,[x],[x],[x],[z],[z],[z]
2006-12,2006,12,10003,5867,[z],4136,8098,4218,[z],3880,4197,3467,10.7,25.4,15,[z],10.4,914,4953,705,3513,[x],[x],[x],[x],4,[x],[x],[x],[z],[z],[z]
2007-01,2007,1,9680,5429,[z],4251,9448,5642,[z],3806,4177,3527,10.9,25.9,15.1,[z],10.8,797,4632,969,4673,569,4830,648,4991,3,[x],[x],[x],[z],[z],[z]
2007-02,2007,2,9448,5540,[z],3908,8906,5645,[z],3261,3912,3449,11.2,26.2,15.2,[z],11,830,4710,753,4892,579,4944,593,5050,2,[x],[x],[x],[z],[z],[z]
2007-03,2007,3,9866,5744,[z],4122,10834,6684,[z],4150,3913,4164,11.3,26.6,15.3,[z],11.3,885,4859,906,5778,641,5071,753,5927,4,[x],[x],[x],[z],[z],[z]
2007-04,2007,4,9185,5446,[z],3739,8845,5356,[z],3489,3804,3767,11.4,26.8,15.4,[z],11.4,836,4610,788,4568,564,4876,534,4821,1,[x],[x],[x],[z],[z],[z]
2007-05,2007,5,9140,5652,[z],3488,9450,5658,[z],3792,3361,3661,11.4,26.8,15.5,[z],11.3,953,4699,958,4700,616,5041,622,5030,6,[x],[x],[x],[z],[z],[z]
2007-06,2007,6,8810,5513,[z],3297,9074,5565,[z],3509,3434,3517,11.3,26.7,15.5,[z],11.1,870,4643,885,4680,640,5014,612,4949,4,[x],[x],[x],[z],[z],[z]
2007-07,2007,7,8588,5364,[z],3224,9011,5560,[z],3451,3422,3666,11.2,26.6,15.6,[z],11,860,4504,904,4656,587,4784,569,4985,6,[x],[x],[x],[z],[z],[z]
2007-08,2007,8,9134,5483,[z],3651,9310,5269,[z],4041,3271,3603,10.9,26.5,15.6,[z],10.9,880,4603,860,4409,612,4877,572,4691,6,[x],[x],[x],[z],[z],[z]
2007-09,2007,9,8576,5414,[z],3162,7952,4891,[z],3061,3248,3205,10.7,26.2,15.5,[z],10.6,848,4566,791,4100,586,4754,523,4364,4,[x],[x],[x],[z],[z],[z]
2007-10,2007,10,8077,4982,[z],3095,8863,5445,[z],3418,3022,3349,10.4,25.8,15.5,[z],10.4,874,4108,966,4479,574,4440,626,4817,2,[x],[x],[x],[z],[z],[z]
2007-11,2007,11,8159,5262,[z],2897,8432,5397,[z],3035,3014,3160,10,25.4,15.3,[z],10.1,910,4352,926,4471,582,4631,629,4763,5,[x],[x],[x],[z],[z],[z]
2007-12,2007,12,7875,4873,[z],3002,6412,3589,[z],2823,3380,2888,9.9,25,15.2,[z],9.8,748,4125,584,3005,535,4306,405,3180,4,[x],[x],[x],[z],[z],[z]
2008-01,2008,1,8536,5288,[z],3248,8337,5398,[z],2939,3183,2657,9.6,24.7,15.1,[z],9.6,918,4370,1063,4335,656,4606,760,4636,2,[x],[x],[x],[z],[z],[z]
2008-02,2008,2,8528,5260,[z],3268,8389,5571,[z],2818,3291,2998,9.5,24.6,15.1,[z],9.5,899,4361,842,4729,617,4628,650,4916,5,[x],[x],[x],[z],[z],[z]
2008-03,2008,3,7829,4769,[z],3060,8021,5052,[z],2969,3230,3429,9.3,23.9,14.7,[z],9.2,772,3997,769,4283,513,4175,562,4483,7,[x],[x],[x],[z],[z],[z]
2008-04,2008,4,8416,5348,[z],3068,8943,5957,[z],2986,2940,2962,9.1,23.9,14.8,[z],9.1,969,4379,969,4988,618,4701,663,5286,8,[x],[x],[x],[z],[z],[z]
2008-05,2008,5,7716,5262,[z],2454,7429,4938,[z],2491,3073,3110,9,23.4,14.6,[z],8.8,850,4412,810,4128,557,4708,524,4412,2,[x],[x],[x],[z],[z],[z]
2008-06,2008,6,9264,5530,[z],3734,9539,5548,[z],3991,3138,3313,9,23.5,14.6,[z],8.9,915,4615,895,4653,669,4925,647,4899,2,[x],[x],[x],[z],[z],[z]
2008-07,2008,7,8974,5833,[z],3141,9746,6268,[z],3478,3008,3297,8.9,23.7,14.8,[z],8.9,955,4878,1032,5236,774,5080,781,5483,4,[x],[x],[x],[z],[z],[z]
2008-08,2008,8,8738,5683,[z],3055,8042,5060,[z],2982,3344,3324,8.8,23.4,14.7,[z],8.6,965,4718,908,4152,740,4954,656,4399,5,[x],[x],[x],[z],[z],[z]
2008-09,2008,9,9291,5866,[z],3425,9673,6021,[z],3652,3465,3632,8.9,23.7,15,[z],8.8,1005,4861,1052,4969,742,5058,715,5301,5,[x],[x],[x],[z],[z],[z]
2008-10,2008,10,9500,6143,[z],3357,10122,6520,[z],3602,3337,3619,8.9,24,15.2,[z],8.8,979,5164,1041,5479,763,5496,812,5702,6,[x],[x],[x],[z],[z],[z]
2008-11,2008,11,9802,6444,[z],3358,9295,6166,[z],3129,3325,3234,9,24.2,15.4,[z],8.8,986,5458,960,5206,817,5563,838,5325,3,[x],[x],[x],[z],[z],[z]
2008-12,2008,12,9957,6391,[z],3566,9015,5318,[z],3697,3478,3236,9,24.8,15.8,[z],9,972,5419,843,4475,845,5558,703,4612,3,[x],[x],[x],[z],[z],[z]
2009-01,2009,1,10122,6772,[z],3350,9431,6519,[z],2912,3799,2885,9.1,25,16,[z],9,991,5781,1100,5419,876,5920,933,5584,2,[x],[x],[x],[z],[z],[z]
2009-02,2009,2,10052,6342,[z],3710,9460,6493,[z],2967,3562,3172,9.1,25.2,16.2,[z],9,952,5390,857,5636,870,5444,885,5604,4,[x],[x],[x],[z],[z],[z]
2009-03,2009,3,9954,6225,[z],3729,11482,7575,[z],3907,3719,4073,9.2,26,16.8,[z],9.2,906,5319,956,6619,856,5329,1047,6520,8,[x],[x],[x],[z],[z],[z]
2009-04,2009,4,10154,6421,210,3523,10162,6538,192,3432,3859,3989,9.5,26.8,16.9,0.5,9.3,952,5469,916,5622,853,5530,850,5684,4,[x],[x],[x],[z],[z],[z]
2009-05,2009,5,11062,6316,701,4045,10208,5700,657,3851,4121,4033,9.7,27.8,17.1,1.1,9.6,956,5360,887,4813,843,5452,782,4915,3,[x],[x],[x],[z],[z],[z]
2009-06,2009,6,11811,6467,1059,4285,12817,6765,1141,4911,4074,4457,9.9,28.8,17.4,1.6,9.8,880,5587,921,5844,887,5551,889,5871,5,[x],[x],[x],[z],[z],[z]
2009-07,2009,7,10790,6244,1232,3314,11591,6631,1313,3647,4030,4313,10.2,29.4,17.4,2.1,9.9,968,5276,1039,5592,853,5482,831,5795,5,[x],[x],[x],[z],[z],[z]
2009-08,2009,8,12055,6166,1521,4368,11336,5602,1487,4247,4007,4012,10.3,30.1,17.5,2.4,10.2,881,5285,862,4740,795,5348,702,4897,3,[x],[x],[x],[z],[z],[z]
2009-09,2009,9,11952,6132,1690,4130,12391,6236,1717,4438,4117,4296,10.5,30.7,17.6,2.7,10.3,882,5250,932,5304,824,5237,800,5434,2,[x],[x],[x],[z],[z],[z]
2009-10,2009,10,11910,6047,1740,4123,12085,6133,1792,4160,4292,4464,10.7,31,17.5,3,10.5,934,5113,984,5149,802,5329,824,5307,2,[x],[x],[x],[z],[z],[z]
2009-11,2009,11,12339,5855,1846,4638,12405,5918,1930,4557,4522,4597,11,31.5,17.4,3.3,10.8,895,4960,898,5020,773,5085,801,5113,4,[x],[x],[x],[z],[z],[z]
2009-12,2009,12,12257,6030,1928,4299,11039,4905,1648,4486,4277,4087,11.2,31.7,17.3,3.4,11,983,5047,827,4078,763,5269,649,4252,4,[x],[x],[x],[z],[z],[z]
2010-01,2010,1,11850,5634,1949,4267,10246,5155,1505,3586,4111,2967,11.2,31.7,17,3.6,11.1,808,4826,863,4292,738,4936,763,4388,4,[x],[x],[x],[z],[z],[z]
2010-02,2010,2,11838,5542,1943,4353,10861,5626,1829,3406,4187,3774,11.3,31.8,16.8,3.8,11.2,827,4715,733,4893,708,4813,717,4899,10,[x],[x],[x],[z],[z],[z]
2010-03,2010,3,12126,6010,1937,4179,14743,7654,2330,4759,4138,4743,11.4,32.2,16.8,4,11.4,808,5202,889,6765,742,5256,917,6729,8,[x],[x],[x],[z],[z],[z]
2010-04,2010,4,11855,5356,1985,4514,11764,5359,1959,4446,4398,4431,11.5,32.5,16.5,4.4,11.6,779,4577,751,4608,715,4644,710,4646,3,[x],[x],[x],[z],[z],[z]
2010-05,2010,5,11326,5086,1990,4250,10612,4645,1984,3983,4162,4174,11.6,32.6,16.2,4.7,11.6,732,4354,686,3959,682,4356,640,4002,3,[x],[x],[x],[z],[z],[z]
2010-06,2010,6,11390,4855,2212,4323,12282,4911,2352,5019,4275,4700,11.6,32.4,15.8,5,11.6,721,4134,743,4168,655,4164,663,4244,4,[x],[x],[x],[z],[z],[z]
2010-07,2010,7,10937,4536,2264,4137,11253,4566,2365,4322,4304,4421,11.6,32.3,15.3,5.3,11.8,707,3829,743,3823,695,3881,664,3894,8,[x],[x],[x],[z],[z],[z]
2010-08,2010,8,11273,4947,2384,3942,11141,4720,2368,4053,4000,4192,11.7,32.3,15.1,5.4,11.7,701,4246,713,4007,720,4190,682,4024,14,[x],[x],[x],[z],[z],[z]
2010-09,2010,9,11158,4661,2249,4248,11493,4598,2336,4559,4159,4313,11.6,32,14.7,5.6,11.8,701,3960,711,3887,769,3700,722,3707,169,[x],[x],[x],[z],[z],[z]
2010-10,2010,10,10269,4504,1578,4187,9855,4359,1522,3974,4249,4270,11.6,31.5,14.3,5.5,11.7,634,3870,643,3716,774,3306,782,3122,455,[x],[x],[x],[z],[z],[z]
2010-11,2010,11,10971,4301,2550,4120,11663,4597,2820,4246,4251,4477,11.6,31.3,14,5.7,11.6,627,3674,669,3928,853,3147,918,3360,319,[x],[x],[x],[z],[z],[z]
2010-12,2010,12,9975,3740,2159,4076,9056,2982,1830,4244,4129,3901,11.5,30.8,13.5,5.8,11.6,542,3198,443,2539,704,2855,577,2232,173,[x],[x],[x],[z],[z],[z]
2011-01,2011,1,10183,4047,2381,3755,8943,3760,1940,3243,3901,2840,11.5,30.5,13.2,5.9,11.5,664,3383,714,3046,843,2965,865,2681,214,[x],[x],[x],[z],[z],[z]
2011-02,2011,2,10011,3929,2328,3754,9076,3987,2212,2877,4119,3765,11.5,30.1,12.8,5.9,11.3,656,3273,571,3416,778,2964,788,3006,193,[x],[x],[x],[z],[z],[z]
2011-03,2011,3,10049,3919,2070,4060,12167,4849,2638,4680,4008,4578,11.4,29.5,12.2,6,11.3,675,3244,720,4129,809,2907,1007,3631,211,[x],[x],[x],[z],[z],[z]
2011-04,2011,4,9917,3617,2398,3902,9410,3529,2187,3694,3904,3850,11.3,28.9,11.7,6,11.1,620,2997,603,2926,797,2689,772,2629,128,[x],[x],[x],[z],[z],[z]
2011-05,2011,5,10828,4394,2420,4014,10720,4314,2497,3909,3687,3915,11.2,28.9,11.6,6.2,11.1,636,3758,625,3689,817,3419,832,3382,100,[x],[x],[x],[z],[z],[z]
2011-06,2011,6,9523,3269,2389,3865,10340,3256,2575,4509,4244,4679,11.2,28.4,11.3,6.2,11,654,2615,660,2596,745,2409,731,2417,108,[x],[x],[x],[z],[z],[z]
2011-07,2011,7,10047,3272,2641,4134,9886,3209,2590,4087,4213,4194,11.1,28.1,10.9,6.3,10.9,640,2632,654,2555,730,2446,694,2385,130,1118,10,1108,[z],[z],[z]
2011-08,2011,8,9951,3184,2369,4398,10508,3280,2499,4729,4295,4599,11.2,27.9,10.6,6.3,11.1,652,2532,715,2565,738,2363,716,2460,104,1102,10,1092,[z],[z],[z]
2011-09,2011,9,9534,3117,2493,3924,9829,3087,2517,4225,4134,4176,11.2,27.5,10.3,6.3,11,639,2478,655,2432,694,2339,644,2350,93,1121,15,1106,[z],[z],[z]
2011-10,2011,10,9664,3083,2482,4099,9486,3080,2514,3892,4277,4352,11.2,27.4,10,6.5,11,671,2412,686,2394,719,2304,722,2278,80,963,9,954,[z],[z],[z]
2011-11,2011,11,10806,2960,2581,5265,11325,3166,2796,5363,4080,4324,11.1,27.3,9.6,6.5,11.2,649,2311,687,2479,659,2210,706,2372,88,1047,13,1034,[z],[z],[z]
2011-12,2011,12,9401,3142,2463,3796,8223,2416,2050,3757,4323,3912,11.1,27.1,9.5,6.6,11.1,672,2470,537,1879,710,2365,561,1788,67,843,11,832,[z],[z],[z]
2012-01,2012,1,9755,2874,2506,4375,8983,2835,2077,4071,3932,3007,11.2,27.1,9.3,6.6,11.3,613,2261,685,2150,649,2144,708,2047,80,768,11,757,[z],[z],[z]
2012-02,2012,2,9379,2916,2617,3846,8757,3070,2609,3078,4109,3961,11.2,27,9.1,6.7,11.3,660,2256,588,2482,707,2129,740,2257,73,557,11,546,[z],[z],[z]
2012-03,2012,3,9542,2799,2687,4056,10928,3220,3212,4496,4250,4610,11.2,26.7,8.7,6.8,11.2,609,2190,626,2594,635,2068,726,2405,89,494,8,486,[z],[z],[z]
2012-04,2012,4,9307,2769,2680,3858,8894,2711,2483,3700,4053,4061,11.2,26.6,8.5,6.9,11.2,601,2168,577,2134,689,2000,674,1966,71,378,4,374,[z],[z],[z]
2012-05,2012,5,9573,2888,2762,3923,9905,2945,3012,3948,4036,4424,11.3,26.4,8.2,7,11.2,578,2310,584,2361,658,2117,698,2168,79,510,7,503,[z],[z],[z]
2012-06,2012,6,8313,2543,2474,3296,8550,2437,2461,3652,3544,3599,11.1,26,8,6.9,11,494,2049,506,1931,590,1899,554,1817,66,565,4,561,[z],[z],[z]
2012-07,2012,7,10418,2633,2633,5152,10885,2744,2722,5419,3844,4056,11.1,26.2,7.9,7,11.3,505,2128,541,2203,653,1951,667,2042,35,712,2,710,[z],[z],[z]
2012-08,2012,8,8516,2586,2600,3330,8769,2557,2610,3602,3828,4029,10.9,25.8,7.7,7,11.1,533,2053,557,2000,633,1931,596,1915,46,716,10,706,[z],[z],[z]
2012-09,2012,9,8874,2574,2612,3688,8399,2338,2445,3616,3785,3562,10.8,25.4,7.5,7,10.9,513,2061,497,1841,599,1914,528,1764,46,627,11,616,[z],[z],[z]
2012-10,2012,10,8538,2426,2584,3528,9224,2675,2825,3724,3637,3959,10.7,25.4,7.4,7,10.9,523,1903,573,2102,618,1786,671,1963,41,680,9,671,[z],[z],[z]
2012-11,2012,11,8438,2437,2535,3466,8702,2513,2682,3507,3821,3998,10.6,24.8,7.3,7,10.5,473,1964,479,2034,595,1807,600,1861,52,615,3,612,[z],[z],[z]
2012-12,2012,12,8846,2332,2491,4023,7501,1732,2042,3727,3732,3304,10.5,24.6,7.1,7,10.4,488,1844,378,1354,583,1715,447,1255,30,462,6,456,[z],[z],[z]
2013-01,2013,1,8359,2138,2377,3844,8111,2162,2102,3847,3904,3123,10.5,24.4,7,7,10.4,451,1687,513,1649,521,1568,585,1534,43,589,8,581,[z],[z],[z]
2013-02,2013,2,8745,2294,2689,3762,7737,2303,2575,2859,3923,3652,10.4,24.1,6.8,7,10.3,429,1865,356,1947,557,1724,556,1725,22,390,4,386,[z],[z],[z]
2013-03,2013,3,8828,2153,2470,4205,9138,2209,2542,4387,3604,3834,10.2,23.7,6.6,6.8,10.3,431,1722,427,1782,539,1556,574,1600,35,275,3,272,[z],[z],[z]
2013-04,2013,4,8532,2075,2256,4201,8984,2321,2423,4240,4118,4210,10.2,23.7,6.5,6.8,10.4,445,1630,464,1857,534,1497,575,1695,51,238,6,232,[z],[z],[z]
2013-05,2013,5,8197,2128,2344,3725,8327,2147,2530,3650,4211,4497,10.3,23.3,6.3,6.7,10.3,453,1675,450,1697,540,1552,548,1558,41,372,2,370,[z],[z],[z]
2013-06,2013,6,8503,2163,2268,4072,8387,2009,2179,4199,3996,4000,10.3,23.3,6.2,6.6,10.5,496,1667,487,1522,570,1545,539,1428,42,437,5,432,[z],[z],[z]
2013-07,2013,7,8242,2097,2178,3967,9174,2307,2424,4443,4200,4547,10.4,22.9,6.1,6.6,10.2,491,1606,550,1757,571,1498,601,1665,41,521,8,513,[z],[z],[z]
2013-08,2013,8,8870,1956,2170,4744,8755,1866,2116,4773,4478,4522,10.5,22.9,5.9,6.5,10.5,447,1509,458,1408,522,1407,476,1356,34,204,6,198,[z],[z],[z]
2013-09,2013,9,8064,1913,2235,3916,8175,1836,2184,4155,4221,4176,10.7,22.8,5.8,6.4,10.6,455,1458,450,1386,517,1365,467,1331,38,639,8,631,[z],[z],[z]
2013-10,2013,10,8462,1926,2167,4369,9034,2077,2380,4577,4009,4421,10.8,22.8,5.7,6.3,10.8,435,1491,450,1627,479,1401,526,1521,30,515,6,509,[z],[z],[z]
2013-11,2013,11,8002,1899,2188,3915,7873,1907,2235,3731,4319,4317,10.8,22.6,5.5,6.2,10.8,456,1443,464,1443,487,1398,470,1407,30,408,4,404,[z],[z],[z]
2013-12,2013,12,8186,1824,2295,4067,7295,1422,1948,3925,4421,4104,11,22.5,5.5,6.2,10.9,388,1436,308,1114,452,1343,371,1035,16,299,1,298,[z],[z],[z]
2014-01,2014,1,8740,1867,2273,4600,8535,1882,1994,4659,4550,3629,11.1,22.6,5.4,6.1,11,446,1421,504,1378,508,1367,549,1312,21,418,5,413,[z],[z],[z]
2014-02,2014,2,8459,1824,2017,4618,7307,1813,1944,3550,4563,4301,11.2,22.5,5.3,6,11.2,396,1428,326,1487,491,1304,486,1300,27,298,2,296,[z],[z],[z]
2014-03,2014,3,8274,1783,2224,4267,9071,1989,2611,4471,4706,4911,11.5,22.4,5.2,6,11.2,412,1371,422,1567,426,1312,480,1477,32,274,5,269,[z],[z],[z]
2014-04,2014,4,8931,1893,2367,4671,8944,1956,2276,4712,4494,4755,11.6,22.4,5.2,6,11.3,443,1450,456,1500,496,1359,512,1416,28,221,7,214,[z],[z],[z]
2014-05,2014,5,9241,1819,2355,5067,8830,1759,2458,4613,4423,4482,11.6,22.5,5.1,5.9,11.5,443,1376,436,1323,477,1305,466,1256,37,235,3,232,[z],[z],[z]
2014-06,2014,6,8671,1766,2281,4624,8967,1757,2272,4938,4391,4548,11.7,22.6,5,6,11.7,425,1341,433,1324,463,1287,455,1275,27,345,2,343,[z],[z],[z]
2014-07,2014,7,7874,1662,2337,3875,8840,1785,2559,4496,4125,4526,11.7,22.5,4.9,6,11.7,399,1263,433,1352,410,1213,441,1322,22,393,1,392,[z],[z],[z]
2014-08,2014,8,7790,1665,2351,3774,7229,1529,2099,3601,3986,3882,11.5,22.2,4.8,6,11.4,398,1267,395,1134,413,1237,370,1142,17,365,7,358,[z],[z],[z]
2014-09,2014,9,7506,1552,2104,3850,8207,1591,2150,4466,3817,3928,11.5,22.2,4.8,6,11.5,390,1162,412,1179,407,1127,391,1178,22,338,6,332,[z],[z],[z]
2014-10,2014,10,7719,1531,2166,4022,8154,1628,2330,4196,3887,4192,11.4,22,4.6,5.9,11.4,328,1203,332,1296,368,1146,386,1224,18,348,4,344,[z],[z],[z]
2014-11,2014,11,7526,1525,2143,3858,7074,1457,2090,3527,3699,3691,11.3,21.8,4.5,5.9,11.3,351,1174,341,1116,358,1143,342,1096,19,324,3,321,[z],[z],[z]
2014-12,2014,12,7415,1453,2071,3891,6986,1193,1905,3888,3689,3485,11.1,21.7,4.5,5.9,11.3,353,1100,293,900,373,1060,312,863,18,308,2,306,[z],[z],[z]
2015-01,2015,1,6920,1405,2258,3257,6474,1378,1954,3142,3500,2711,10.9,21.2,4.4,5.9,10.9,330,1075,375,1003,366,1040,384,970,24,255,5,250,[z],[z],[z]
2015-02,2015,2,7062,1391,2048,3623,6137,1376,1987,2774,3409,3248,10.7,20.9,4.3,5.9,10.8,344,1047,289,1087,342,1028,337,1024,15,224,7,217,[z],[z],[z]
2015-03,2015,3,6571,1415,2007,3149,7387,1656,2273,3458,3215,3582,10.4,20.5,4.2,5.8,10.5,402,1013,433,1223,366,1011,444,1196,16,189,6,183,[z],[z],[z]
2015-04,2015,4,6384,1340,2073,2971,6474,1359,2123,2992,3000,3120,10,20,4.1,5.8,10.2,351,989,355,1004,316,1010,316,1030,13,129,5,124,[z],[z],[z]
2015-05,2015,5,5833,1342,1910,2581,5296,1245,1847,2204,3212,3094,9.7,19.2,4,5.6,9.6,334,1008,324,921,336,996,318,910,17,175,5,170,[z],[z],[z]
2015-06,2015,6,6343,1277,1761,3305,6810,1368,1863,3579,3163,3356,9.4,18.7,3.9,5.5,9.3,344,933,376,992,318,952,331,1019,18,257,5,252,[z],[z],[z]
2015-07,2015,7,6576,1250,1982,3344,7402,1323,2137,3942,3096,3328,9.1,18.4,3.8,5.4,9.2,365,885,389,934,311,918,322,981,20,271,5,266,[z],[z],[z]
2015-08,2015,8,6932,1349,1985,3598,6448,1271,1850,3327,3267,3207,9,18.2,3.7,5.4,9.1,410,939,413,858,381,960,343,910,18,253,4,249,[z],[z],[z]
2015-09,2015,9,6374,1275,1642,3457,7042,1302,1642,4098,3474,3587,8.9,17.9,3.6,5.3,9,342,933,356,946,309,944,304,977,21,243,3,240,[z],[z],[z]
2015-10,2015,10,6438,1243,2176,3019,6535,1265,2294,2976,3421,3529,8.8,17.6,3.6,5.3,8.8,367,876,363,902,322,900,325,927,13,307,6,301,[z],[z],[z]
2015-11,2015,11,7785,1305,2113,4367,7694,1304,2147,4243,3779,3962,8.8,17.7,3.5,5.3,8.9,432,873,430,874,417,873,407,875,22,229,7,222,[z],[z],[z]
2015-12,2015,12,6812,1255,2222,3335,6332,1002,2060,3270,3428,3240,8.8,17.5,3.5,5.3,8.8,381,874,301,701,312,911,264,722,16,217,1,216,[z],[z],[z]
2016-01,2016,1,6999,1123,2254,3622,6186,1091,1834,3261,3496,2616,8.7,17.5,3.4,5.3,8.8,355,768,396,695,300,848,310,766,15,240,2,238,[z],[z],[z]
2016-02,2016,2,7139,1192,2271,3676,6523,1251,2364,2908,3439,3456,8.8,17.5,3.4,5.3,8.8,328,864,301,950,303,865,304,921,26,176,2,174,[z],[z],[z]
2016-03,2016,3,6427,1272,2232,2923,7383,1438,2524,3421,3580,4120,8.9,17.5,3.3,5.4,8.8,367,905,400,1038,359,875,429,994,15,160,1,159,[z],[z],[z]
2016-04,2016,4,7978,1100,2170,4708,7799,1147,2178,4474,4149,3979,9.1,17.8,3.3,5.4,9.1,301,799,306,841,292,809,294,845,8,115,1,114,[z],[z],[z]
2016-05,2016,5,7361,1201,2155,4005,6991,1184,2187,3620,3948,3970,9.2,18.1,3.3,5.5,9.4,314,887,318,866,296,874,296,858,30,160,3,157,[z],[z],[z]
2016-06,2016,6,7564,1338,2245,3981,7922,1378,2376,4168,4191,4430,9.5,18.4,3.3,5.6,9.5,332,1006,336,1042,331,992,336,1020,22,234,2,232,[z],[z],[z]
2016-07,2016,7,8077,1421,2247,4409,8377,1375,2194,4808,4446,4417,9.7,18.6,3.3,5.6,9.7,302,1119,302,1073,346,1032,338,1014,23,242,3,239,[z],[z],[z]
2016-08,2016,8,7569,1241,2171,4157,7664,1291,2162,4211,4430,4667,10,18.8,3.3,5.7,9.9,309,932,333,958,307,912,306,960,25,256,2,254,[z],[z],[z]
2016-09,2016,9,8214,1277,2175,4762,9180,1270,2134,5776,4514,4612,10.2,19.3,3.3,5.8,10.3,310,967,303,967,320,942,303,948,19,305,2,303,[z],[z],[z]
2016-10,2016,10,8022,1369,2150,4503,7794,1360,2206,4228,4598,4657,10.5,19.5,3.3,5.7,10.5,372,997,358,1002,337,987,332,998,30,258,2,256,[z],[z],[z]
2016-11,2016,11,7732,1265,2088,4379,8106,1322,2210,4574,4558,4959,10.7,19.6,3.3,5.7,10.6,312,953,325,997,323,930,336,972,14,287,3,284,[z],[z],[z]
2016-12,2016,12,7418,1251,2036,4131,6579,944,1827,3808,4530,3996,10.8,19.6,3.3,5.7,10.7,300,951,224,720,319,906,249,676,19,245,2,243,[z],[z],[z]
2017-01,2017,1,8042,1341,1978,4723,7636,1393,1730,4513,4783,3811,11.1,19.9,3.3,5.7,11,306,1035,362,1031,314,1020,348,1022,23,262,3,259,[z],[z],[z]
2017-02,2017,2,8849,1209,1954,5686,7370,1223,1929,4218,4721,4624,11.3,20.1,3.3,5.6,11.2,279,930,254,969,286,906,281,920,22,218,2,216,[z],[z],[z]
2017-03,2017,3,7647,1224,2034,4389,9224,1467,2460,5297,4736,5187,11.6,20.5,3.3,5.5,11.6,267,957,287,1180,292,923,348,1098,21,182,0,182,[z],[z],[z]
2017-04,2017,4,7298,1245,1908,4145,6652,1160,1687,3805,4829,4742,11.7,20.3,3.3,5.4,11.5,270,975,260,900,317,905,305,842,13,157,3,154,[z],[z],[z]
2017-05,2017,5,7573,1239,2070,4264,7749,1287,2242,4220,4745,4859,11.9,20.4,3.3,5.4,11.6,299,940,324,963,322,902,326,937,24,215,0,215,[z],[z],[z]
2017-06,2017,6,7719,1252,2153,4314,7957,1275,2217,4465,4990,5185,12.1,20.4,3.3,5.4,11.7,247,1005,247,1028,275,961,274,972,29,264,4,260,[z],[z],[z]
2017-07,2017,7,9124,1289,2016,5819,9769,1268,2068,6433,5283,5343,12.2,20.7,3.3,5.4,12,263,1026,267,1001,273,962,269,976,23,273,6,267,[z],[z],[z]
2017-08,2017,8,8830,1212,2277,5341,8785,1234,2235,5316,5104,5467,12.4,20.9,3.3,5.4,12.2,264,948,272,962,285,902,292,924,18,295,2,293,[z],[z],[z]
2017-09,2017,9,8524,1265,2067,5192,9242,1236,1971,6035,5301,5164,12.5,20.9,3.3,5.4,12.3,283,982,277,959,316,943,289,932,15,287,7,280,[z],[z],[z]
2017-10,2017,10,7334,1254,2109,3971,7567,1321,2207,4039,5178,5552,12.7,20.9,3.3,5.4,12.2,291,963,293,1028,301,917,319,983,19,332,3,329,[z],[z],[z]
2017-11,2017,11,8958,1285,2111,5562,9408,1303,2289,5816,5518,6059,12.9,21.1,3.3,5.4,12.5,264,1021,265,1038,306,964,310,973,20,320,3,317,[z],[z],[z]
2017-12,2017,12,9212,1294,2216,5702,7752,941,1859,4952,5492,4688,13.1,21.4,3.3,5.4,12.7,271,1023,196,745,315,965,241,691,9,217,1,216,[z],[z],[z]
2018-01,2018,1,8704,1361,2161,5182,8742,1505,2028,5209,5819,4692,13.3,21.6,3.3,5.4,12.9,308,1053,384,1121,324,1027,364,1108,33,239,4,235,[z],[z],[z]
2018-02,2018,2,8526,1385,2155,4986,7166,1415,2144,3607,5818,5777,13.5,21.6,3.3,5.5,12.8,324,1061,311,1104,335,1041,333,1062,20,231,2,229,[z],[z],[z]
2018-03,2018,3,9227,1385,2227,5615,10372,1464,2372,6536,5813,6285,13.7,21.8,3.3,5.5,13,321,1064,329,1135,333,1022,360,1079,25,197,1,196,[z],[z],[z]
2018-04,2018,4,9944,1379,2308,6257,9828,1440,2306,6082,5613,5578,13.9,22.5,3.4,5.6,13.5,338,1041,337,1103,313,1047,328,1089,23,178,3,175,[z],[z],[z]
2018-05,2018,5,9549,1355,2322,5872,9753,1361,2495,5897,6374,6561,14.3,22.9,3.4,5.6,13.9,285,1070,297,1064,310,1022,317,1027,17,227,1,226,[z],[z],[z]
2018-06,2018,6,9059,1344,2253,5462,8824,1307,2221,5296,5656,5533,14.3,23.1,3.4,5.6,14,290,1054,287,1020,333,1011,313,977,17,255,5,250,[z],[z],[z]
2018-07,2018,7,9365,1455,2423,5487,10268,1496,2492,6280,5527,5853,14.4,23.2,3.4,5.7,14,356,1099,373,1123,347,1044,366,1112,18,275,2,273,[z],[z],[z]
2018-08,2018,8,9495,1423,2532,5540,9226,1410,2397,5419,5050,5304,14.4,23.2,3.5,5.8,14,310,1113,301,1109,343,1064,338,1047,25,283,3,280,[z],[z],[z]
2018-09,2018,9,7517,1397,2274,3846,7530,1303,2108,4119,5709,5504,14.5,22.9,3.5,5.8,13.6,276,1121,254,1049,318,1043,287,987,29,275,1,274,[z],[z],[z]
2018-10,2018,10,10520,1397,2270,6853,11498,1551,2525,7422,6606,7241,14.8,23.7,3.5,5.8,14.3,280,1117,296,1255,316,1050,342,1181,28,352,1,351,[z],[z],[z]
2018-11,2018,11,12619,1344,2428,8847,12961,1345,2550,9066,6528,7031,15,24.4,3.5,5.9,15,279,1065,278,1067,311,1007,311,997,37,321,0,321,[z],[z],[z]
2018-12,2018,12,10477,1419,2334,6724,8831,1046,2046,5739,6364,5520,15.2,24.7,3.6,5.9,15.2,293,1126,213,833,312,1076,236,787,23,268,2,266,[z],[z],[z]
2019-01,2019,1,9799,1356,2275,6168,9747,1479,2144,6124,6370,5072,15.3,24.9,3.6,6,15.3,285,1071,339,1140,299,1011,337,1092,50,275,4,271,[z],[z],[z]
2019-02,2019,2,10057,1378,2348,6331,8278,1431,2369,4478,6619,6649,15.5,25.1,3.6,6,15.5,234,1144,235,1196,295,1051,299,1083,49,238,2,236,[z],[z],[z]
2019-03,2019,3,11157,1442,2247,7468,12214,1559,2433,8222,6709,6838,15.6,25.5,3.6,6,15.9,277,1165,273,1286,298,1100,328,1186,45,286,2,284,[z],[z],[z]
2019-04,2019,4,9493,1433,2474,5586,9685,1492,2389,5804,7085,7471,16,25.4,3.6,6,15.8,291,1142,305,1187,327,1059,343,1104,45,197,5,192,[z],[z],[z]
2019-05,2019,5,10635,1450,2147,7038,10989,1442,2289,7258,6695,6750,16,25.7,3.6,6,16.1,291,1159,296,1146,317,1096,307,1083,52,262,4,258,[z],[z],[z]
2019-06,2019,6,10458,1413,2251,6794,9721,1301,2118,6302,6857,6619,16.2,25.9,3.6,6,16.3,290,1123,271,1030,315,1050,290,967,44,269,4,265,[z],[z],[z]
2019-07,2019,7,10816,1350,2192,7274,12253,1464,2395,8394,6962,7525,16.6,26.3,3.6,5.9,16.7,271,1079,299,1165,302,966,324,1090,50,378,4,374,[z],[z],[z]
2019-08,2019,8,9660,1422,2118,6120,8910,1348,1955,5607,6896,6958,16.9,26.2,3.6,5.8,16.8,256,1166,237,1111,313,1071,297,1012,39,268,6,262,[z],[z],[z]
2019-09,2019,9,11648,1386,2494,7768,12280,1366,2438,8476,6799,6830,17.2,27.2,3.6,5.9,17.7,264,1122,251,1115,288,1072,265,1077,24,298,3,295,[z],[z],[z]
2019-10,2019,10,9025,1288,2280,5457,10056,1405,2509,6142,7061,7822,17.3,26.9,3.6,5.9,17.4,231,1057,234,1171,261,979,286,1073,46,318,2,316,[z],[z],[z]
2019-11,2019,11,9836,1412,2307,6117,9606,1365,2352,5889,6737,6866,17.3,26.1,3.6,5.9,16.7,227,1185,229,1136,272,1120,261,1071,33,305,2,303,[z],[z],[z]
2019-12,2019,12,9559,1412,2333,5814,8405,1091,2076,5238,7246,6635,17.5,26,3.6,5.9,16.6,210,1202,159,932,253,1117,203,854,34,244,0,244,[z],[z],[z]
2020-01,2020,1,10665,1439,2386,6840,10500,1540,2209,6751,7662,5804,17.6,26.2,3.6,5.9,16.7,214,1225,243,1297,284,1125,301,1200,39,272,2,270,[z],[z],[z]
2020-02,2020,2,10193,1495,2300,6398,8591,1558,2392,4641,7847,7965,17.9,26.3,3.6,5.9,16.8,198,1297,210,1348,302,1169,312,1210,36,205,3,202,[z],[z],[z]
2020-03,2020,3,6734,1298,2044,3392,7832,1487,2314,4031,7791,8596,18.3,25.3,3.6,5.8,15.9,171,1127,174,1313,256,1012,298,1162,27,202,3,199,[z],[z],[z]
2020-04,2020,4,9920,824,1556,7540,10404,817,1497,8090,5499,5810,17.9,25.5,3.4,5.7,16.4,36,788,33,784,143,672,144,663,10,105,0,105,[z],[z],[z]
2020-05,2020,5,14406,825,1607,11974,13853,742,1544,11567,4146,3896,17.3,26.1,3.3,5.5,17.3,57,768,52,690,105,701,93,630,19,149,1,148,[z],[z],[z]
2020-06,2020,6,7881,874,1774,5233,8282,883,1779,5620,3875,4015,16.8,25.8,3.2,5.4,17.1,71,803,71,812,135,718,130,732,21,184,1,183,[z],[z],[z]
2020-07,2020,7,6672,919,1562,4191,7334,937,1626,4771,5011,5355,16.3,24.7,3.1,5.3,16.4,86,833,88,849,141,733,142,770,25,173,1,172,[z],[z],[z]
2020-08,2020,8,7133,870,1505,4758,6381,793,1334,4254,5787,5727,16,24.2,3,5.1,16.1,97,773,85,708,134,709,122,645,26,164,2,162,[z],[z],[z]
2020-09,2020,9,6835,1032,1498,4305,7471,1056,1530,4885,6469,6709,16,23.1,2.9,4.9,15.3,92,940,93,963,195,791,191,828,37,158,1,157,[z],[z],[z]
2020-10,2020,10,11023,1056,1512,8455,11958,1076,1575,9307,6719,6938,15.8,23.5,2.8,4.7,16,110,946,106,970,178,808,179,811,86,150,2,148,[z],[z],[z]
2020-11,2020,11,9652,980,1403,7269,9338,945,1430,6963,6627,6944,15.8,23.5,2.7,4.5,16.2,110,870,110,835,157,763,153,725,67,208,3,205,[z],[z],[z]
2020-12,2020,12,10454,1045,1326,8083,9625,824,1243,7558,6808,6482,15.8,23.7,2.7,4.4,16.7,103,942,81,743,203,768,169,594,61,169,3,166,[z],[z],[z]
2021-01,2021,1,9481,854,1394,7233,8331,840,1175,6316,6396,4371,15.5,23.3,2.5,4.1,16.6,92,762,98,742,132,617,130,608,102,209,1,208,[z],[z],[z]
2021-02,2021,2,8286,887,1368,6031,6839,920,1394,4525,6350,6482,15.2,22.9,2.4,3.9,16.5,101,786,107,813,134,674,140,692,88,140,2,138,[z],[z],[z]
2021-03,2021,3,9086,867,1405,6814,10954,1042,1594,8318,7241,8339,15.1,23.5,2.3,3.8,17.5,97,770,105,937,125,673,150,811,81,67,0,67,[z],[z],[z]
2021-04,2021,4,9273,835,1422,7016,9873,825,1429,7619,6484,6657,15.3,23.4,2.3,3.7,17.3,87,748,86,739,118,653,119,639,67,65,3,62,[z],[z],[z]
2021-05,2021,5,8685,785,1506,6394,8496,732,1529,6235,6590,6361,15.8,22.3,2.3,3.7,16.2,89,696,85,647,134,571,122,533,77,45,0,45,6105,6058,47
2021-06,2021,6,9377,740,1444,7193,9851,750,1416,7685,6903,7135,16.4,22.6,2.3,3.7,16.6,102,638,105,645,108,531,108,537,105,92,0,92,5639,5576,63
2021-07,2021,7,8898,641,1821,6436,9090,634,1867,6589,6692,6846,16.7,22.9,2.2,3.7,17,97,544,100,534,105,444,104,451,79,76,0,76,5544,5456,88
2021-08,2021,8,9800,645,1875,7280,9117,625,1719,6773,6898,7129,17,23.5,2.2,3.8,17.5,82,563,75,550,103,481,103,465,57,108,1,107,4848,4781,67
2021-09,2021,9,9267,630,2026,6611,9967,630,2150,7187,6337,6594,17,24,2.1,3.9,18,76,554,77,553,108,452,105,465,60,109,1,108,5094,5010,84
2021-10,2021,10,9338,627,1983,6728,9682,618,1937,7127,6608,6554,16.9,23.5,2,4,17.5,105,522,100,518,113,432,115,416,87,113,0,113,4836,4755,81
2021-11,2021,11,9257,629,1879,6749,9391,652,2054,6685,6966,7483,17,23.5,1.9,4.1,17.5,90,539,100,552,110,450,116,459,77,163,0,163,4863,4773,90
2021-12,2021,12,9294,582,2012,6700,8452,454,1872,6126,7087,6602,17,23.3,1.8,4.3,17.2,93,489,74,380,110,397,89,300,65,134,0,134,4196,4092,104
2022-01,2022,1,9716,576,2122,7018,8485,585,1873,6027,6831,4659,17.1,23.3,1.8,4.4,17.1,73,503,78,507,87,424,86,437,62,106,0,106,5279,5207,72
2022-02,2022,2,11682,573,2206,8903,9837,601,2245,6991,7382,7566,17.3,23.9,1.7,4.6,17.6,99,474,106,495,104,405,111,420,70,113,0,113,5800,5712,88
2022-03,2022,3,9536,559,2114,6863,11553,657,2513,8383,7420,8467,17.3,24,1.6,4.8,17.6,102,457,108,549,106,375,130,445,82,116,1,115,6270,6149,121
2022-04,2022,4,9561,581,2081,6899,9789,559,1923,7307,7813,7845,17.5,24,1.6,4.9,17.5,98,483,96,463,99,414,96,397,66,92,0,92,5388,5282,106
2022-05,2022,5,10086,592,1973,7521,10499,590,2033,7876,7254,7464,17.8,24.4,1.5,5,17.9,96,496,93,497,101,408,99,408,83,53,1,52,5749,5638,111
2022-06,2022,6,9927,495,1936,7496,10534,500,1912,8122,7361,7648,17.9,24.5,1.5,5.1,17.9,90,405,90,410,105,329,102,330,68,124,0,124,5772,5687,85
2022-07,2022,7,9475,564,1928,6983,9201,545,1836,6820,7713,7685,18,24.5,1.5,5.1,18,84,480,84,461,105,392,100,387,58,104,0,104,6112,5994,118
2022-08,2022,8,9564,565,1966,7033,9583,579,1932,7072,7446,7849,18.2,24.6,1.5,5.1,18,91,474,88,491,104,395,104,407,68,108,0,108,6058,5971,87
2022-09,2022,9,9346,550,1747,7049,10024,548,1812,7664,7382,7565,18.3,24.6,1.4,5,18.1,112,438,116,432,103,381,99,391,58,113,0,113,6177,6085,92
2022-10,2022,10,9923,546,1865,7512,10530,550,1894,8086,7067,7071,18.4,24.7,1.4,5,18.3,84,462,81,469,101,376,103,373,74,85,0,85,6342,6230,112
2022-11,2022,11,10377,540,2108,7729,10478,561,2269,7648,6883,7400,18.4,24.9,1.4,5.1,18.5,105,435,116,445,105,357,113,361,87,97,1,96,6796,6689,107
2022-12,2022,12,9559,541,2175,6843,8240,407,1979,5854,6340,5674,18.2,24.9,1.4,5.1,18.4,108,433,86,321,107,365,84,265,58,62,0,62,5029,4912,117
2023-01,2023,1,8538,587,1951,6000,7748,641,1741,5366,6378,4559,18.2,24.7,1.4,5,18.2,110,477,123,518,115,396,121,439,81,65,2,63,7584,7487,97
2023-02,2023,2,9423,577,2065,6781,8226,612,2083,5531,6106,6326,17.9,24.3,1.4,5,17.9,118,459,126,486,118,399,126,421,65,59,0,59,7312,7173,139
2023-03,2023,3,9594,583,2917,6094,11443,683,3383,7377,6435,7333,17.6,24.3,1.4,5.2,17.7,111,472,118,565,135,386,159,453,71,48,3,45,8282,8110,172
2023-04,2023,4,9229,588,2656,5985,9009,545,2384,6080,5834,5788,17.2,24.1,1.4,5.3,17.4,135,453,127,418,107,392,102,364,79,15,0,15,6613,6485,128
2023-05,2023,5,9128,618,2290,6220,9995,653,2505,6837,5745,6157,16.9,24,1.4,5.4,17.2,131,487,132,521,120,436,120,468,65,23,0,23,6683,6609,74
2023-06,2023,6,7881,649,2422,4810,8132,657,2320,5155,5358,5499,16.4,23.5,1.5,5.4,16.6,136,513,136,521,120,461,115,460,82,71,1,70,7936,7825,111
2023-07,2023,7,8451,645,2668,5138,8291,644,2667,4980,5191,5302,15.9,23.3,1.5,5.6,16.2,146,499,149,495,112,464,107,474,63,112,0,112,7794,7660,134
2023-08,2023,8,8624,674,2753,5197,8556,671,2714,5171,4891,5197,15.4,23,1.5,5.8,15.8,158,516,149,522,129,458,131,461,79,108,1,107,7605,7488,117
2023-09,2023,9,7243,710,2911,3622,7284,684,2913,3687,4887,4759,14.8,22.4,1.5,6,14.9,179,531,189,495,135,465,125,461,98,86,0,86,7691,7574,117
2023-10,2023,10,9100,676,3177,5247,9886,713,3245,5928,4875,5108,14.4,22.3,1.6,6.3,14.5,158,518,160,553,131,460,143,478,92,119,0,119,7637,7509,128
2023-11,2023,11,8051,679,2996,4376,8265,684,3290,4291,4904,5295,13.9,21.8,1.6,6.5,13.7,153,526,162,522,130,457,136,445,103,86,0,86,7484,7351,133
2023-12,2023,12,8170,710,2911,4549,6598,510,2472,3616,5174,4456,13.6,21.4,1.6,6.6,13.3,160,550,124,386,139,481,107,330,73,90,0,90,5769,5657,112
2024-01,2024,1,8589,688,2974,4927,8104,785,2793,4526,5165,3766,13.5,21.5,1.6,6.8,13.1,153,535,179,606,116,475,124,549,112,88,0,88,8356,8231,125
2024-02,2024,2,10846,665,2849,7332,10143,720,3007,6416,5340,5828,13.3,21.9,1.6,7,13.2,119,546,126,594,118,462,130,499,91,89,0,89,8073,7964,109
2024-03,2024,3,8767,689,2723,5355,9074,682,2592,5800,5052,5387,12.9,21.3,1.6,6.8,12.9,155,534,153,529,113,477,119,472,91,69,1,68,7710,7610,100
2024-04,2024,4,9731,662,3525,5544,10806,725,3808,6273,5266,5524,12.8,21.7,1.7,7.1,12.9,141,521,146,579,121,448,130,495,100,44,1,43,7649,7547,102
2024-05,2024,5,9456,624,3806,5026,10155,621,4006,5528,5406,5723,12.7,21.7,1.7,7.4,12.6,133,491,123,498,106,427,102,428,91,140,2,138,7652,7547,105
2024-06,2024,6,10496,667,4331,5498,9726,616,3869,5241,5335,5093,12.6,22,1.7,7.7,12.6,179,488,167,449,141,400,129,364,123,108,0,108,6971,6875,96
2024-07,2024,7,10520,648,4115,5757,11435,708,4449,6278,5288,5787,12.7,22.6,1.7,8,12.9,163,485,179,529,113,412,116,461,131,137,0,137,7369,7244,125
2024-08,2024,8,9947,605,4100,5242,9365,555,3871,4939,5294,5181,12.7,22.7,1.6,8.3,12.8,155,450,139,416,92,396,85,363,107,114,0,114,7256,7138,118
2024-09,2024,9,10460,575,3959,5926,10566,544,3955,6067,5384,5355,12.8,23.4,1.6,8.5,13.3,159,416,164,380,[x],[x],[x],[x],[x],122,3,119,[x],[x],[x]
2024-10,2024,10,8952,596,3793,4563,10096,630,4061,5405,[x],[x],[x],23.4,1.6,8.6,13.2,160,436,163,467,[x],[x],[x],[x],[x],140,1,139,7099,7002,97
